Handle,Title,Body (HTML),Vendor,Standard Product Type,Custom Product Type,Tags,Published,Option1 Name,Option1 Value,Option2 Name,Option2 Value,Option3 Name,Option3 Value,Variant SKU,Variant Grams,Variant Inventory Tracker,Variant Inventory Qty,Variant Inventory Policy,Variant Fulfillment Service,Variant Price,Variant Compare At Price,Variant Requires Shipping,Variant Taxable,Variant Barcode,Image Src,Image Position,Image Alt Text,Gift Card,SEO Title,SEO Description,Google Shopping / Google Product Category,Google Shopping / Gender,Google Shopping / Age Group,Google Shopping / MPN,Google Shopping / AdWords Grouping,Google Shopping / AdWords Labels,Google Shopping / Condition,Google Shopping / Custom Product,Google Shopping / Custom Label 0,Google Shopping / Custom Label 1,Google Shopping / Custom Label 2,Google Shopping / Custom Label 3,Google Shopping / Custom Label 4,Variant Image,Variant Weight Unit,Variant Tax Code,Cost per item,Status
producto-test,producto test,"",altoquerecords.cl,,,"",true,Title,Default Title,,,,,,0.0,shopify,0,deny,manual,600,,false,true,,,,,false,,,,,,,,,,,,,,,,,kg,,600,active
nena-99-lufballons,NENA - 99 LUFBALLOONS,"",altoquerecords.cl,,vinilo usado,"1983, EPIC, LP, ORIGINALES DE ÉPOCA, POP, USADO, VINILO",true,Title,Default Title,,,,,EPIC-270,220.0,shopify,1,deny,manual,19900,,true,true,,https://cdn.shopify.com/s/files/1/0556/2279/5454/products/0.jpg?v=1633031665,1,,false,,,,,,,,,,,,,,,,,g,,,active
nena-99-lufballons,,,,,,,,,,,,,,,,,,,,,,,,,https://cdn.shopify.com/s/files/1/0556/2279/5454/products/1.jpg?v=1633031858,2,,,,,,,,,,,,,,,,,,,,,,
nena-99-lufballons,,,,,,,,,,,,,,,,,,,,,,,,,https://cdn.shopify.com/s/files/1/0556/2279/5454/products/2.jpg?v=1633031858,3,,,,,,,,,,,,,,,,,,,,,,
vince-guaraldi-peanuts-portraits-the-classic-character-themes,VINCE GUARALDI  - PEANUTS PORTRAITS - THE CLASSIC CHARACTER THEMES,"<p>LP</p>
<p>2010</p>
<p>CRAFT RECORDINGS</p>
<p>JAZZ - OST - SOUNDTRACK</p>",altoquerecords.cl,,vinilo nuevo,"2010, JAZZ, LP, nuevo, OST, PEANUTS PORTRAITS, SOUNDTRACK, THE CLASSIC CHARACTER THEMES, VINCE GUARALDI, vinilo",true,Title,Default Title,,,,,,220.0,shopify,1,deny,manual,29900,,true,true,,https://cdn.shopify.com/s/files/1/0556/2279/5454/products/046.jpg?v=1618773771,1,,false,,,,,,,,,,,,,,,,,g,,,active
varios-artistas-trojan-records-soul-reggae-vol-1,VARIOS ARTISTAS - TROJAN RECORDS SOUL REGGAE VOL. 1,"<p>LP</p>
<p>2015</p>
<p>TROJAN RECORDS</p>
<p>REGGAE - REGGAE LOVERS</p>",altoquerecords.cl,,vinilo nuevo,"2015, LP, nuevo, REGGAE, TROJAN RECORDS, TROJAN RECORDS SOUL REGGAE VOL. 1, VARIOS ARTISTAS, vinilo",true,Title,Default Title,,,,,,220.0,shopify,1,deny,manual,24900,,true,true,,https://cdn.shopify.com/s/files/1/0556/2279/5454/products/045.jpg?v=1618773546,1,,false,,,,,,,,,,,,,,,,,g,,,active
varios-artistas-right-on-time-trojan-rock-steady,VARIOS ARTISTAS - RIGHT ON TIME: TROJAN ROCK STEADY,"<p>DOBLE LP</p>
<p>2021</p>
<p>MUSIC ON VINYL</p>
<p>REGGAE - ROCKSTEADY</p>",altoquerecords.cl,,vinilo nuevo,"2021, DOBLE LP, MUSIC ON VINYL, nuevo, REGGAE, RIGHT ON TIME: TROJAN ROCK STEADY, ROCKSTEDY, VARIOS ARTISTAS, vinilo",true,Title,Default Title,,,,,,440.0,shopify,0,deny,manual,42900,,true,true,,https://cdn.shopify.com/s/files/1/0556/2279/5454/products/044.jpg?v=1618773228,1,,false,,,,,,,,,,,,,,,,,g,,,active
varios-artistas-beavis-and-butt-head-do-america,VARIOS ARTISTAS - BEAVIS AND BUTT-HEAD DO AMERICA,"<p>LP</p>
<p>PICTURE DISC</p>
<p>2016</p>
<p>GEFFEN RECORDS</p>
<p>HIP HOP - ROCK - FUNK - SOUL - POP</p>",altoquerecords.cl,,vinilo nuevo,"2016, FUNK, GEFFEN RECORDS, HIP HOP, LP, nuevo, PICTURE DISC, POP, SOUL, VARIOS ARTISTAS, vinilo",true,Title,Default Title,,,,,,220.0,shopify,0,deny,manual,39900,,true,true,,https://cdn.shopify.com/s/files/1/0556/2279/5454/products/043.jpg?v=1618772389,1,,false,,,,,,,,,,,,,,,,,g,,,active
varios-artistas-studio-one-women-the-original,VARIOS ARTISTAS - STUDIO ONE WOMEN - THE ORIGINAL,"<p>DOBLE LP</p>
<p>2020</p>
<p>SOUL JAZZ RECORDS</p>
<p>REGGAE - SKA - ROCKSTEDY - SOUL </p>",altoquerecords.cl,,vinilo nuevo,"2020, DOBLE LP, REGGAE, ROCKSTEDY, SKA, SOUL, SOUL JAZZ RECORDS, STUDIO ONE WOMEN - THE ORIGINAL, VARIOS ARTISTAS",true,Title,Default Title,,,,,,440.0,shopify,0,deny,manual,39900,,true,true,,https://cdn.shopify.com/s/files/1/0556/2279/5454/products/042.jpg?v=1618772061,1,,false,,,,,,,,,,,,,,,,,g,,,active
varios-artistas-black-riot-early-jungle-rave-and-hardcore,"VARIOS ARTISTAS - BLACK RIOT - EARLY JUNGLE, RAVE AND HARDCORE","<p>DOBLE LP</p>
<p>2020</p>
<p>SOUL JAZZ RECORDS</p>
<p>ELECTRONICA - JUNGLE - RAVE</p>",altoquerecords.cl,,vinilo nuevo,"2020, BLACK RIOT - EARLY JUNGLE, DOBLE LP, ELECTRONICA, JUNGLE, RAVE, RAVE AND HARDCORE, SOUL JAZZ RECORDS, VARIOS ARTISTAS",true,Title,Default Title,,,,,,440.0,shopify,1,deny,manual,39900,,true,true,,https://cdn.shopify.com/s/files/1/0556/2279/5454/products/041.jpg?v=1618771952,1,,false,,,,,,,,,,,,,,,,,g,,,active
turbonegro-never-is-forever,TURBONEGRO - NEVER IS FOREVER,"<p>LP</p>
<p>EDICIÓN LIMITADA, WHITE WITH RED SPLATTER</p>
<p>2020</p>
<p>INDIE RECORDING</p>
<p>ROCK - PUNK</p>",altoquerecords.cl,,vinilo nuevo,"2020, EDICIÓN LIMITADA, INDIE RECORDING, LP, NEVER IS FOREVER, nuevo, PUNK, ROCK, TURBONEGRO, vinilo, WHITE WITH RED SPLATTER",true,Title,Default Title,,,,,,220.0,shopify,0,deny,manual,32900,,true,true,,https://cdn.shopify.com/s/files/1/0556/2279/5454/products/040.jpg?v=1618771530,1,,false,,,,,,,,,,,,,,,,,g,,,active
the-weeknd-after-hours,THE WEEKND - AFTER HOURS,"<p>DOBLE LP</p>
<p>2020</p>
<p>XO, REPUBLIC RECORDS</p>
<p>ELECTRONICA - HIP HOP, SOUL, POP</p>",altoquerecords.cl,,vinilo nuevo,"2020, AFTER HOURS, DOBLE LP, ELECTRONICA, HIP HOP, nuevo, POP, REPUBLIC RECORDS, SOUL, THE WEEKND, vinilo, XO",true,Title,Default Title,,,,,,440.0,shopify,1,deny,manual,39900,,true,true,,https://cdn.shopify.com/s/files/1/0556/2279/5454/products/039.png?v=1618771406,1,,false,,,,,,,,,,,,,,,,,g,,,active
the-stooges-the-stooges,THE STOOGES - THE STOOGES,"<p>LP</p>
<p>REEDICION</p>
<p>2005</p>
<p>ELEKTRA</p>
<p>ROCK - PUNK</p>",altoquerecords.cl,,vinilo nuevo,"2005, ELEKTRA, LP, nuevo, PUNK, RE, RE EDICION, ROCK, THE STOOGES, vinilo",true,Title,Default Title,,,,,,220.0,shopify,0,deny,manual,24900,,true,true,,https://cdn.shopify.com/s/files/1/0556/2279/5454/products/038.jpg?v=1618771141,1,,false,,,,,,,,,,,,,,,,,g,,,active
the-specials-encore,THE SPECIALS - ENCORE,"<p>LP</p>
<p>2019</p>
<p>ISLAND RECORD</p>
<p>SKA - REGGAE - NEW WAVE</p>",altoquerecords.cl,,vinilo nuevo,"2019, ENCORE, ISLAND RECORD, LP, NEW WAVE, nuevo, REGGAE, SKA, THE SPECIALS, vinilo",true,Title,Default Title,,,,,,220.0,shopify,0,deny,manual,34900,,true,true,,https://cdn.shopify.com/s/files/1/0556/2279/5454/products/037.jpg?v=1618770788,1,,false,,,,,,,,,,,,,,,,,g,,,active
the-frightnrs-nothing-more-to-say,THE FRIGHTNRS - NOTHING MORE TO SAY,"<p>LP</p>
<p>2016</p>
<p>DAPTONE RECORDS</p>
<p>REGGAE - SKA - ROCKSTEDY</p>",altoquerecords.cl,,vinilo nuevo,"2016, DAPTONE RECORDS, LP, nuevo, REGGAE, ROCKSTEDY, SKA, THE FRIGHTNRS, vinilo",true,Title,Default Title,,,,,,220.0,shopify,0,deny,manual,28900,,true,true,,https://cdn.shopify.com/s/files/1/0556/2279/5454/products/036.jpg?v=1618770475,1,,false,,,,,,,,,,,,,,,,,g,,,active
the-beatles-abbey-road,THE BEATLES - ABBEY ROAD,"<p>LP</p>
<p>EDICION ANIVERSARIO</p>
<p>2019</p>
<p>APPLE RECORDS</p>
<p>ROCK - POP ROCK</p>",altoquerecords.cl,,vinilo nuevo,"2019, ABBEY ROAD, APPLE RECORDS, EDICION ANIVERSARIO, LP, nuevo, POP ROCK, RE EDICION, ROCK, THE BEATLES, vinilo",true,Title,Default Title,,,,,,220.0,shopify,1,deny,manual,29900,,true,true,,https://cdn.shopify.com/s/files/1/0556/2279/5454/products/035.jpg?v=1618770184,1,,false,,,,,,,,,,,,,,,,,g,,,active
soda-stereo-soda-stereo,SODA STEREO - SODA STEREO,"<p>LP</p>
<p>2015</p>
<p>SONY MUSIC</p>
<p>ROCK - POP ROCK </p>",altoquerecords.cl,,vinilo nuevo,"2015, ARGENTINA, ARGENTINO, LP, nuevo, POP ROCK, RE, RE EDICION, ROCK, SODA STEREO, SONY MUSIC, vinilo",true,Title,Default Title,,,,,,220.0,shopify,0,deny,manual,24900,,true,true,,https://cdn.shopify.com/s/files/1/0556/2279/5454/products/034.jpg?v=1618769681,1,,false,,,,,,,,,,,,,,,,,g,,,active
soda-stereo-signos,SODA STEREO - SIGNOS,"<p>LP</p>
<p>2015</p>
<p>SONY MUSIC</p>
<p>ROCK - POP ROCK </p>",altoquerecords.cl,,vinilo nuevo,"2015, ARGENTINA, ARGENTINO, LP, nuevo, POP ROCK, RE, RE EDICION, ROCK, SIGNOS, SODA STEREO, SONY MUSIC, vinilo",true,Title,Default Title,,,,,,220.0,shopify,0,deny,manual,24900,,true,true,,https://cdn.shopify.com/s/files/1/0556/2279/5454/products/033.jpg?v=1618769595,1,,false,,,,,,,,,,,,,,,,,g,,,active
shame-drunk-tank-pink,SHAME  - DRUNK TANK PINK,"<p>LP</p>
<p>EDICIÓN LIMITADA, CLEAR VINYL</p>
<p>2021</p>
<p>DEAD OCEANS</p>
<p>ROCK - POST PUNK</p>",altoquerecords.cl,,vinilo nuevo,"CLEAR VINYL, DEAD OCEANS, EDICIÓN LIMITADA, LP, nuevo, POST PUNK, ROCK, SHAME, vinilo",true,Title,Default Title,,,,,,220.0,shopify,0,deny,manual,29900,,true,true,,https://cdn.shopify.com/s/files/1/0556/2279/5454/products/032.jpg?v=1618769358,1,,false,,,,,,,,,,,,,,,,,g,,,active
scott-bomar-dolomite-is-my-name,SCOTT BOMAR - DOLOMITE IS MY NAME,"<p>LP</p>
<p>PURPLE VINYL</p>
<p>2019</p>
<p>MONDO</p>
<p>SOUNDTRACK - OST</p>",altoquerecords.cl,,vinilo nuevo,"2019, LP, MONDO, nuevo, OST, PURPLE VINYL, SCOTT BOMAR, SOUNDTRACK, vinilo",true,Title,Default Title,,,,,,220.0,shopify,0,deny,manual,39900,,true,true,,https://cdn.shopify.com/s/files/1/0556/2279/5454/products/031.jpg?v=1618769090,1,,false,,,,,,,,,,,,,,,,,g,,,active
rainbow-on-stage,RAINBOW - ON STAGE,"<p>LP</p>
<p>2013</p>
<p>WAX CATHEDRAL</p>
<p>ROCK - HARD ROCK</p>",altoquerecords.cl,,vinilo nuevo,"2013, HARD ROCK, LP, nuevo, ON STAGE, RAINBOW, ROCK, vinilo, WAX CATHEDRAL",true,Title,Default Title,,,,,,220.0,shopify,0,deny,manual,36900,,true,true,,https://cdn.shopify.com/s/files/1/0556/2279/5454/products/030.jpg?v=1618768658,1,,false,,,,,,,,,,,,,,,,,g,,,active
pink-floyd-pulse,PINK FLOYD - PULSE,"<p>4 LP, BOXSET</p>
<p>REEDICION</p>
<p>2018</p>
<p>PINK FLOYD RECORDS</p>
<p>ROCK PROGRESIVO</p>",altoquerecords.cl,,vinilo nuevo,"2018, nuevo, PINK FLOYD, PINK FLOYD RECORDS, PULSE, RE, RE EDICION, ROCK PROGRESIVO, vinilo",true,Title,Default Title,,,,,,900.0,shopify,0,deny,manual,184900,,true,true,,https://cdn.shopify.com/s/files/1/0556/2279/5454/products/029.jpg?v=1618768554,1,,false,,,,,,,,,,,,,,,,,g,,,active
pettinellis-pettinellis,PETTINELLIS - PETTINELLIS,"<p>LP</p>
<p>2019</p>
<p>MUSICA Y ENTRETENIMIENTO</p>
<p>ROCK - LATIN BLUES - ROCK ALTERNATIVO</p>",altoquerecords.cl,,vinilo nuevo,"2019, LATIN BLUES, LP, MUSICA Y ENTRETENIMIENTO, nuevo, PETTINELLIS, ROCK, ROCK ALTERNATIVO, vinilo",true,Title,Default Title,,,,,,220.0,shopify,1,deny,manual,24900,,true,true,,https://cdn.shopify.com/s/files/1/0556/2279/5454/products/028.jpg?v=1618768254,1,,false,,,,,,,,,,,,,,,,,g,,,active
pearl-jam-mtv-unplugged,PEARL JAM  - MTV UNPLUGGED,"<p>BOOTLEG</p>
<p>2020</p>
<p>EPIC</p>
<p>ROCK - ALTERNATIVO - GRUNGE - ACUSTICO</p>",altoquerecords.cl,,vinilo nuevo,"2020, ACUSTICO, BOOTLEG, EPIC, GRUNGE, MTV UNPLUGGED, nuevo, PEARL JAM, ROCK, ROCK ALTERNATIVO, vinilo",true,Title,Default Title,,,,,,220.0,shopify,0,deny,manual,34900,,true,true,,https://cdn.shopify.com/s/files/1/0556/2279/5454/products/027.jpg?v=1618768056,1,,false,,,,,,,,,,,,,,,,,g,,,active
pantera-cowboys-from-hell,PANTERA - COWBOYS FROM HELL,"<p>DOBLE LP</p>
<p>2020</p>
<p>ATCO RECORDS</p>
<p>THRASH - HEAVY METAL</p>",altoquerecords.cl,,vinilo nuevo,"2020, ATCO RECORDS, COWBOYS FROM HELL, DOBLE LP, HEAVY METAL, nuevo, PANTERA, THRASH, vinilo",true,Title,Default Title,,,,,,440.0,shopify,0,deny,manual,36900,,true,true,,https://cdn.shopify.com/s/files/1/0556/2279/5454/products/026.jpg?v=1618767784,1,,false,,,,,,,,,,,,,,,,,g,,,active
nina-simone-i-put-a-spell-on-you,NINA SIMONE - I PUT A SPELL ON YOU,"<p>LP</p>
<p>2016</p>
<p>VERVE MUSIC GROUP</p>
<p>JAZZ - SOUL - R&amp;B - BLUES</p>",altoquerecords.cl,,vinilo nuevo,"2016, BLUES, I PUT A SPELL ON YOU, JAZZ, LP, NINA SIMONE, nuevo, R&B, SOUL, VERVE MUSIC GROUP, vinilo",true,Title,Default Title,,,,,,220.0,shopify,0,deny,manual,34900,,true,true,,https://cdn.shopify.com/s/files/1/0556/2279/5454/products/025.jpg?v=1618767578,1,,false,,,,,,,,,,,,,,,,,g,,,active
moby-everything-is-wrong,MOBY - EVERYTHING IS WRONG,"<p>LP</p>
<p>2016</p>
<p>MUTE</p>
<p>ELECTRONICA - ROCK - TECHNO - AMBIENT</p>",altoquerecords.cl,,vinilo nuevo,"2016, AMBIENT, ELECTRONICA, EVERYTHING IS WRONG, LP, MOBY, MUTE, nuevo, ROCK, TECHNO, vinilo",true,Title,Default Title,,,,,,220.0,shopify,1,deny,manual,39900,,true,true,,https://cdn.shopify.com/s/files/1/0556/2279/5454/products/024.jpg?v=1618767282,1,,false,,,,,,,,,,,,,,,,,g,,,active
miles-davis-miles-davis-greatest-hits,MILES DAVIS - MILES DAVIS' GREATEST HITS,"<p>LP</p>
<p>2017</p>
<p>COLUMBIA</p>
<p>JAZZ - HARD POP - MODAL</p>",altoquerecords.cl,,vinilo nuevo,"2017, COLUMBIA, HARD POP, JAZZ, LP, MILES DAVIS, MODAL, nuevo, vinilo",true,Title,Default Title,,,,,,220.0,shopify,0,deny,manual,24900,,true,true,,https://cdn.shopify.com/s/files/1/0556/2279/5454/products/023.jpg?v=1618766812,1,,false,,,,,,,,,,,,,,,,,g,,,active
miles-davis-bitches-brew,MILES DAVIS - BITCHES BREW,"<p>LP</p>
<p>2015</p>
<p>SONY MUSIC</p>
<p>JAZZ</p>",altoquerecords.cl,,vinilo nuevo,"2015, BITCHES BREW, JAZZ, LP, MILES DAVIS, nuevo, SONY MUSIC, vinilo",true,Title,Default Title,,,,,,220.0,shopify,0,deny,manual,32900,,true,true,,https://cdn.shopify.com/s/files/1/0556/2279/5454/products/022.jpg?v=1618766722,1,,false,,,,,,,,,,,,,,,,,g,,,active
michael-jackson-dangerous,MICHAEL JACKSON - DANGEROUS,"<p>DOBLE LP</p>
<p>2018</p>
<p>MJJ PRODUCTIONS</p>
<p>POP</p>",altoquerecords.cl,,vinilo nuevo,"2018, DANGEROUS, DOBLE LP, MICHAEL JACKSON, nuevo, POP, vinilo",true,Title,Default Title,,,,,,440.0,shopify,1,deny,manual,39900,,true,true,,https://cdn.shopify.com/s/files/1/0556/2279/5454/products/021.jpg?v=1618766544,1,,false,,,,,,,,,,,,,,,,,g,,,active
lee-perry-super-ape-inna-jungle,LEE PERRY - SUPER APE - INNA JUNGLE,"<p>LP</p>
<p>2020</p>
<p>ARIWA</p>
<p>ELECTRONICA - DUB - REGGAE</p>",altoquerecords.cl,,vinilo nuevo,"2020, ARIWA, DUB, ELECTRONICA, LEE PERRY, LP, nuevo, REGGAE, SUPER APE - INNA JUNGLE, vinilo",true,Title,Default Title,,,,,,220.0,shopify,0,deny,manual,32900,,true,true,,https://cdn.shopify.com/s/files/1/0556/2279/5454/products/020.jpg?v=1618766350,1,,false,,,,,,,,,,,,,,,,,g,,,active
khruangbin-mordechai,KHRUANGBIN - MORDECHAI,"<p>LP</p>
<p>2020</p>
<p>DEAD OCEANS</p>
<p>ROCK - FUNK - SOUL - PSYCODELICO</p>",altoquerecords.cl,,vinilo nuevo,"2020, DEAD OCEANS, FUNK, LP, nuevo, PSYCODELICO, ROCK, SOUL, vinilo",true,Title,Default Title,,,,,,220.0,shopify,0,deny,manual,29900,,true,true,,https://cdn.shopify.com/s/files/1/0556/2279/5454/products/019.jpg?v=1618765387,1,,false,,,,,,,,,,,,,,,,,g,,,active
herbie-hancock-head-hunters,HERBIE HANCOCK - HEAD HUNTERS,"<p>LP</p>
<p>2009</p>
<p>MUSIC ON VINYL</p>
<p>JAZZ - ELECTRONIC</p>",altoquerecords.cl,,vinilo nuevo,"2009, ELECTRONIC, HEAD HUNTERS, HERBIE HANCOCK, JAZZ, LP, MUSIC ON VINYL, nuevo, vinilo",true,Title,Default Title,,,,,,220.0,shopify,0,deny,manual,39900,,true,true,,https://cdn.shopify.com/s/files/1/0556/2279/5454/products/018.jpg?v=1618765111,1,,false,,,,,,,,,,,,,,,,,g,,,active
gustavo-cerati-fuerza-natural,GUSTAVO CERATI - FUERZA NATURAL,"<p>DOBLE LP</p>
<p>2016</p>
<p>SONY MUSIC</p>
<p>ROCK - POP ROCK</p>",altoquerecords.cl,,vinilo nuevo,"2016, ARGENTINA, ARGENTINO, DOBLE LP, FUERZA NATURAL, GUSTAVO CERATI, nuevo, POP ROCK, ROCK, SONY MUSIC, vinilo",true,Title,Default Title,,,,,,440.0,shopify,0,deny,manual,32900,,true,true,,https://cdn.shopify.com/s/files/1/0556/2279/5454/products/017.jpg?v=1618764788,1,,false,,,,,,,,,,,,,,,,,g,,,active
guns-n-roses-appetite-for-destruction,GUNS N' ROSES - APPETITE FOR DESTRUCTION,"<p>LP</p>
<p>2015</p>
<p>GEFFEN RECORDS</p>
<p>HARD ROCK - HEAVY METAL</p>",altoquerecords.cl,,vinilo nuevo,"2015, GEFFEN RECORDS, HARD ROCK, HEAVY METAL, LP, nuevo, vinilo",true,Title,Default Title,,,,,,0.0,shopify,0,deny,manual,31900,,true,true,,https://cdn.shopify.com/s/files/1/0556/2279/5454/products/016.jpg?v=1618764519,1,,false,,,,,,,,,,,,,,,,,kg,,,active
gotan-project,GOTAN PROJECT - LA REVANCHA DEL TANGO,"<p>DOBLE LP</p>
<p>2001</p>
<p>YA BASTA! </p>
<p>ELECTRONICA - LATINO - DOWNTEMPO - TRIP HOP - TANGO</p>",altoquerecords.cl,,vinilo nuevo,"2001, DOBLE LP, DOWNTEMPO, ELECTRONICA, GOTAN PROJECT, LA REVANCHA DEL TANGO, LATINO, nuevo, TANGO, TRIP HOP, vinilo, YA BASTA!",true,Title,Default Title,,,,,,440.0,shopify,0,deny,manual,39900,,true,true,,https://cdn.shopify.com/s/files/1/0556/2279/5454/products/015.jpg?v=1618763953,1,,false,,,,,,,,,,,,,,,,,g,,,active
gorillaz-demon-days,GORILLAZ - DEMON DAYS,"<p>DOBLE LP</p>
<p>2017</p>
<p>PARLAPHONE</p>
<p>ELECTRONIC - HIP HOP - ROCK - FUNK - SOUL</p>",altoquerecords.cl,,vinilo nuevo,"2017, DEMON DAYS, DOBLE LP, ELECTRONIC, FUNK, GORILLAZ, HIP HOP, nuevo, PARLAPHONE, SOUL, vinilo",true,Title,Default Title,,,,,,440.0,shopify,0,deny,manual,34900,,true,true,,https://cdn.shopify.com/s/files/1/0556/2279/5454/products/014.jpg?v=1618763389,1,,false,,,,,,,,,,,,,,,,,g,,,active
geinoh-yamashirogumi-akira,GEINOH YAMASHIROGUMI - AKIRA,"<p>DOBLE LP</p>
<p>2016</p>
<p>WARNER MUSIC</p>
<p>ANIME - SOUNDTRACK</p>",altoquerecords.cl,,vinilo nuevo,"AKIRA, ANIME, DOBLE LP, GEINOH YAMASHIROGUMI, LP, nuevo, SOUNDTRACK, vinilo, WARNER MUSIC",true,Title,Default Title,,,,,,0.0,shopify,0,deny,manual,38900,,true,true,,https://cdn.shopify.com/s/files/1/0556/2279/5454/products/013.jpg?v=1618762992,1,,false,,,,,,,,,,,,,,,,,kg,,,active
desmond-dekkers-the-king-of-ska,DESMOND DEKKERS - THE KING OF SKA,"<p>LP</p>
<p>2019</p>
<p>BURNING SOUND</p>
<p>REGGAE - SKA - ROCKSTEDY</p>",altoquerecords.cl,,vinilo nuevo,"2019, BURNING SOUND, DESMOND DEKKERS, LP, nuevo, REGGAE, ROCKSTEDY, SKA, THE KING OF SKA, vinilo",true,Title,Default Title,,,,,,220.0,shopify,0,deny,manual,26900,,true,true,,https://cdn.shopify.com/s/files/1/0556/2279/5454/products/012.jpg?v=1618760380,1,,false,,,,,,,,,,,,,,,,,g,,,active
depeche-mode-violator,DEPECHE MODE - VIOLATOR,"<p>LP</p>
<p>2017</p>
<p>SONY MUSIC</p>
<p>ROCK - SYNTH POP, ROCK ALTERNATIVO, NEW WAVE</p>",altoquerecords.cl,,vinilo nuevo,"2017, DEPECHE MODE, LP, NEW WAVE, nuevo, ROCK, ROCK ALTERNATIVO, SONY MUSIC, vinilo, VIOLATOR",true,Title,Default Title,,,,,,220.0,shopify,0,deny,manual,32900,,true,true,,https://cdn.shopify.com/s/files/1/0556/2279/5454/products/011.jpg?v=1618760004,1,,false,,,,,,,,,,,,,,,,,g,,,active
copia-de-deftones-ohms,DEFTONES - OHMS,"<p>LP</p>
<p>2020</p>
<p>REPRISE RECORDS</p>
<p>ROCK - ART ROCK</p>",altoquerecords.cl,,vinilo nuevo,"2020, ART ROCK, DEFTONES, LP, nuevo, OHMS, REPRISE RECORDS, ROCK, vinilo",true,Title,Default Title,,,,,,220.0,shopify,1,deny,manual,30,,true,true,,https://cdn.shopify.com/s/files/1/0556/2279/5454/products/010.jpg?v=1618759515,1,,false,,,,,,,,,,,,,,,,,g,,,active
deftones-covers,DEFTONES - COVERS,"<p>LP</p>
<p>COMPILACIÓN , EDICIÓN LIMITADA</p>
<p>2011</p>
<p>REPRISE RECORDS</p>
<p>ROCK - ALTERNATIVO - POST METAL - EXPERIMENTAL</p>",altoquerecords.cl,,vinilo nuevo,"2011, COVERS, DEFTONES, EDICION LIMITADA, EXPERIMENTAL, LP, nuevo, POST METAL, REPRISE RECORDS, ROCK, ROCK ALTERNATIVO, vinilo",true,Title,Default Title,,,,,,220.0,shopify,0,deny,manual,30900,,true,true,,https://cdn.shopify.com/s/files/1/0556/2279/5454/products/009.jpg?v=1618759426,1,,false,,,,,,,,,,,,,,,,,g,,,active
david-guetta-7,DAVID GUETTA - 7,"<p>DOBLE LP</p>
<p>2018</p>
<p>PARLAPHONE</p>
<p>ELECTRONICA - DANCE POP - ELECTRO HOUSE - HOUSE</p>",altoquerecords.cl,,vinilo nuevo,"2018, 7, DANCE POP, DAVID GUETA, DOBLE LP, ELECTRO HOUSE, ELECTRONICA, HOUSE, nuevo, PARLAPHONE, vinilo",true,Title,Default Title,,,,,,0.0,shopify,0,deny,manual,29900,,true,true,,https://cdn.shopify.com/s/files/1/0556/2279/5454/products/008.jpg?v=1618759098,1,,false,,,,,,,,,,,,,,,,,kg,,,active
chancho-en-piedra-rindanse-terricolas,CHANCHO EN PIEDRA - RINDANSE TERRICOLAS,"<p>LP</p>
<p>2014</p>
<p>COLUMBIA</p>
<p>ROCK - FUNK - SOUL</p>",altoquerecords.cl,,vinilo nuevo,"2014, CHANCHO EN PIEDRA, COLUMBIA, FUNK, LP, nuevo, RINDANSE TERRICOLAS, ROCK, SOUL, vinilo",true,Title,Default Title,,,,,,220.0,shopify,0,deny,manual,24900,,true,true,,https://cdn.shopify.com/s/files/1/0556/2279/5454/products/007.jpg?v=1618758712,1,,false,,,,,,,,,,,,,,,,,g,,,active
burial-satanic-upheavel,BURIAL - SATANIC UPHEAVEL,"<p>LP</p>
<p>2020</p>
<p>APOCALYPSTIC WITCHCRAFT</p>
<p>ROCK - BLACK METAL</p>",altoquerecords.cl,,vinilo nuevo,"2020, APOCALYPSTIC WITCHCRAFT, BLACK METAL, BURIAL, LP, nuevo, ROCK, SATANIC UPHEAVEL, vinilo",true,Title,Default Title,,,,,,220.0,shopify,0,deny,manual,24900,,true,true,,https://cdn.shopify.com/s/files/1/0556/2279/5454/products/006.jpg?v=1618757313,1,,false,,,,,,,,,,,,,,,,,g,,,active
black-sabbath-sabotage,BLACK SABBATH - SABOTAGE,"<p>LP</p>
<p>2015</p>
<p>VERTIGO</p>
<p>HEAVY METAL - HARD ROCK</p>",altoquerecords.cl,,vinilo nuevo,"2015, BLACK SABBATH, HARD ROCK, HEAVY METAL, LP, nuevo, SABOTAGE, VERTIGO, vinilo",true,Title,Default Title,,,,,,220.0,shopify,0,deny,manual,30900,,true,true,,https://cdn.shopify.com/s/files/1/0556/2279/5454/products/005.jpg?v=1618756922,1,,false,,,,,,,,,,,,,,,,,g,,,active
audioslave-audioslave,AUDIOSLAVE - AUDIOSLAVE,"<p>DOBLE LP</p>
<p>2019</p>
<p>EPIC</p>
<p>ROCK - ROCK ALTERNATIVO</p>",altoquerecords.cl,,vinilo nuevo,"2019, AUDIOSLAVE, DOBLE LP, EPIC, nuevo, ROCK, ROCK ALTERNATIVO, vinilo",true,Title,Default Title,,,,,,400.0,shopify,0,deny,manual,36900,,true,true,,https://cdn.shopify.com/s/files/1/0556/2279/5454/products/004.jpg?v=1618756686,1,,false,,,,,,,,,,,,,,,,,g,,,active
arcade-fire-funeral,ARCADE FIRE - FUNERAL,"<p>LP</p>
<p>2017</p>
<p>SONY MUSIC</p>
<p>INDIE ROCK - ROCK ALTERNATIVO</p>",altoquerecords.cl,,vinilo nuevo,"ARCADE FIRE, FUNERAL, INDIE ROCK, LP, nuevo, ROCK ALTERNATIVO, SONY MUSIC, vinilo",true,Title,Default Title,,,,,,220.0,shopify,0,deny,manual,29900,,true,true,,https://cdn.shopify.com/s/files/1/0556/2279/5454/products/003.jpg?v=1618756220,1,,false,,,,,,,,,,,,,,,,,g,,,active
angele-brol,ANGÈLE - BROL,"<p>LP</p>
<p>2018</p>
<p>ANGÈLE VL RECORDS</p>
<p>POP</p>
<p> </p>",altoquerecords.cl,,vinilo nuevo,"2018, ANGELE, ANGÈLE VL RECORDS, BROL, LP, nuevo, POP, vinilo",true,Title,Default Title,,,,,,220.0,shopify,0,deny,manual,24900,,true,true,,https://cdn.shopify.com/s/files/1/0556/2279/5454/products/002.jpg?v=1618750801,1,,false,,,,,,,,,,,,,,,,,g,,,active
al-green-greatest-hits,AL GREEN - GREATEST HITS,"<p>LP</p>
<p>RE EDICION</p>
<p>2009</p>
<p>FAT POSSUM RECORDS</p>
<p>SOUL - R&amp;B</p>",altoquerecords.cl,Multimedia > Música y grabaciones,vinilo usado,"2009, AL GREEN, FAT POSSUM RECORDS, LP, R&B, RE, RE EDICION, SOUL, USADO, vinilo, vinilo de época",true,Title,Default Title,,,,,,220.0,shopify,0,deny,manual,24900,,true,true,,https://cdn.shopify.com/s/files/1/0556/2279/5454/products/001.jpg?v=1618750221,1,,false,,,,,,,,,,,,,,,,,g,,,active
